{
	"schemaVersion": 1,
	"id": "persistent-effects",
	"version": "1.0.0",
	"name": "Persistent Effects",
	"description": "Keep your potion effects even after death!",
	"authors": [
		"TommonPavou"
	],
	"contact": {
		"homepage": "https://fabricmc.net/",
		"sources": "https://github.com/FabricMC/fabric-example-mod"
	},
	"license": "GNU Affero General Public License v3.0",
	"icon": "assets/persistent-effects/icon.png",
	"environment": "server",
	"entrypoints": {
		"main": [
			"github.tommonpavou.PersistentEffects"
		]
	},
	"mixins": [
		"persistent-effects.mixins.json"
	],
	"depends": {
		"fabricloader": ">=0.16.9",
		"minecraft": "~1.20.1",
		"java": ">=17",
		"fabric-api": "*"
	},
	"suggests": {
		"another-mod": "*"
	}
}